pair,quantity,rmse,nrmse,normalization_denominator,max_abs_difference,correlation,candidate_peak_abs,reference_peak_abs,optimal_lag_s,phase_aligned_nrmse
h500_vs_h600,eta,0.05387361263170039,0.3668932056827411,0.14683731341235529,0.06999874973202935,0.9300213621976838,0.8704172720317089,0.8953772550503061,-100.0,0.08942474102171427
h500_vs_h600,qn,1.093618206035669,0.3932588825553776,2.780911645095947,1.6719538978821573,0.9919158069623895,6.40440365026829,4.732449752386133,15.0,0.31853901208009505
h500_vs_h600,Qn,3287.463346267928,0.26424997962113733,12440.732638773548,4499.497515490559,0.999902565548574,21752.89747601573,17253.39996052517,-5.0,0.28626564135385324
h450_vs_h500,eta,0.02184172116397862,0.14588196809767875,0.1497218706931207,0.030475166380419694,0.9761138919064378,0.8473584912854619,0.8704172720317089,-25.0,0.093937027203703
h450_vs_h500,qn,0.6165033012644365,0.15395826799189624,4.00435331798411,1.2639214498898532,0.999333305133421,7.668325100158143,6.40440365026829,5.0,0.13258617437130377
h450_vs_h500,Qn,2866.8340264450503,0.19662981155237189,14579.854416843988,4622.180619599334,0.9998808991590897,26375.078095615063,21752.89747601573,0.0,0.19662981155237189
h400_vs_h450,eta,0.037545841437803755,0.3202434116829805,0.11724157334100482,0.049563158897008464,0.9866836150020186,0.8850650071358928,0.8473584912854619,20.0,0.2810950898732674
h400_vs_h450,qn,0.8113688497525133,0.15236916871765604,5.325019861833075,1.382259621678493,0.9965486262783536,6.28606547847965,7.668325100158143,-10.0,0.12179321006917833
h400_vs_h450,Qn,3861.0357313838485,0.21559510271944649,17908.735786119443,4349.143918454996,0.9993898715154723,22027.52581940275,26375.078095615063,-5.0,0.20206546200602823
